{
  "framework": "nextjs",
  "buildCommand": "npm run build",
  "devCommand": "npm run dev",
  "installCommand": "npm install",
  "functions": {
    "app/api/**/*.ts": {
      "maxDuration": 30
    }
  },
  "redirects": [
    {
      "source": "/www/(.*)",
      "destination": "/$1",
      "permanent": true
    }
  ],
  "headers": [
    {
      "source": "/(.*)",
      "headers": [
        {
          "key": "X-Content-Type-Options",
          "value": "nosniff"
        },
        {
          "key": "X-Frame-Options",
          "value": "DENY"
        },
        {
          "key": "X-XSS-Protection",
          "value": "1; mode=block"
        }
      ]
    }
  ],
  "env": {
    "NEXT_PUBLIC_SUPABASE_URL": "@supabase_url",
    "NEXT_PUBLIC_SUPABASE_ANON_KEY": "@supabase_anon_key",
    "SUPABASE_SERVICE_ROLE_KEY": "@supabase_service_role_key",
    "AMAZON_ACCESS_KEY_ID": "@amazon_access_key_id",
    "AMAZON_SECRET_ACCESS_KEY": "@amazon_secret_access_key",
    "AMAZON_ASSOCIATE_TAG": "@amazon_associate_tag",
    "NEXT_PUBLIC_SITE_URL": "https://childrensbookdirectory.com"
  },
  "regions": ["iad1"]
}
